{
    "rms_energy": 0.032322533428668976,
    "spectral_flatness": 0.004665091633796692,
    "spectral_centroid": 2263.3235684591978,
    "zero_crossing_rate": 0.16026647284132672,
    "severity_score": 0.7172183915180141,
    "strategy": "aggressive",
    "denoise_strength": 1.0,
    "enhance_strength": 1.0,
    "requires_denoising": true,
    "filename": "ChV1U1A.mp3"
}